ID,First,Last,Gender
1,Munmuth,Thunderbuckle,M
2,Dwomraen,Blackhood,M
3,Nomdolin,Oakentank,M
4,Naben,Merrycoat,M
5,Houlgoum,Whitbuckle,M
6,Duribuki,Bluntmaker,M
7,Jatrorlum,Metalfeet,M
8,Thramnumir,Windrock,M
9,Satmunli,Chainbuckle,M
10,Skondon,Chainsunder,M
11,Goznoukara,Hardbraid,F
12,Hokdruthra,Bottleshaper,F
13,Khulmutelyn,Cointoe,F
14,Durilgrouni,Chaospike,F
15,Hetgroudeth,Smeltshaper,F
16,Hakhibelynn,Bloodminer,F
17,Gimrelda,Wyverndelver,F
18,Ludabera,Dragonshield,F
19,Henodeth,Chaoshead,F
20,Kherdralydd,Copperforge,F